epoch,train_loss,train_rmse,val_rmse,lr
1,53.93489074707031,56.52380868102671,56.537523315544426,0.0005
2,53.2207285563151,56.52995636099652,56.54407126695459,0.0005
3,53.903987884521484,56.53079256322035,56.54813650836478,0.0005
4,53.83555603027344,56.52105369487979,56.542590184927604,0.0005
5,53.59724807739258,56.50962377088121,56.53642616925641,0.0005
6,53.72831598917643,56.48993548302942,56.522768247451786,0.0005
7,53.754889170328774,56.46453122579801,56.50307697075554,0.0005
8,53.37829717000326,56.42686655203429,56.47107759870107,0.0005
9,53.368265787760414,56.387651370043905,56.43686520976513,0.0005
10,53.70228068033854,56.34199972032648,56.39675885479351,0.0005
11,53.26012674967448,56.30149891071151,56.36326203744905,0.0005
12,53.259682973225914,56.26174815296579,56.32879923988883,0.0005
13,53.44396209716797,56.218451792792976,56.28863261358829,0.0005
14,53.175340016682945,56.18199728020485,56.25557796929773,0.0005
15,53.346134185791016,56.14522853235825,56.222573427598135,0.0005
16,53.42770004272461,56.09843192516952,56.17841543487297,0.0005
17,53.319296518961586,56.05533414220103,56.140845832848186,0.0005
18,52.85772577921549,56.00996325014634,56.097728543249694,0.0005
19,52.58058166503906,55.964311773493584,56.05280788494404,0.0005
20,52.81287384033203,55.925006793572194,56.01361857750434,0.0005
21,52.879021962483726,55.891892162556736,55.981731052263754,0.0005
22,52.78494389851888,55.85487747337769,55.94341225738167,0.0005
23,52.96154530843099,55.80897435090663,55.8930740566051,0.0005
24,52.4463857014974,55.782597891094795,55.86204860255114,0.0005
25,52.4543088277181,55.74415400042997,55.82410976699611,0.0005
26,52.60427474975586,55.70161818265674,55.780494112761545,0.0005
27,52.35424931844076,55.667873430006544,55.74584634997546,0.0005
28,52.45862579345703,55.61890098736227,55.69485884526806,0.0005
29,52.14968744913737,55.578083442219175,55.65290818159493,0.0005
30,52.4310302734375,55.52283568277017,55.59570648737602,0.0005
31,52.27575937906901,55.493183121404776,55.568281158399564,0.0005
32,52.30908203125,55.451138572685366,55.527346320153754,0.0005
33,52.016553243001304,55.39998057045873,55.477654073978016,0.0005
34,51.77980168660482,55.35737112865766,55.43716684704801,0.0005
35,52.21976089477539,55.31441455617111,55.39623578623903,0.0005
36,52.252403259277344,55.269848149496006,55.35038791510932,0.0005
37,51.901563008626304,55.23866310411329,55.32061784327422,0.0005
38,52.092769622802734,55.19691060021968,55.28460041238824,0.0005
39,51.732285817464195,55.14861355970814,55.234535363301426,0.0005
40,52.031689961751304,55.10040021029386,55.18306684537923,0.0005
41,51.68503952026367,55.05052087120903,55.129878261648585,0.0005
42,51.90790812174479,55.01389368858823,55.09238147789429,0.0005
43,51.823368072509766,54.95712512563206,55.03524513010644,0.0005
44,51.93633143107096,54.89260706738235,54.972453050787756,0.0005
45,51.50369389851888,54.84665078606817,54.92868779628478,0.0005
46,52.04142506917318,54.80157215609544,54.88536677463977,0.0005
47,51.563961029052734,54.75631240093949,54.838393431480206,0.0005
48,51.27895482381185,54.70503297359807,54.78784954089327,0.0005
49,51.45357767740885,54.656163266377185,54.742040057969874,0.0005
50,51.820746103922524,54.61079335574037,54.70023782883934,0.0005
51,51.25498962402344,54.557560029431535,54.64833459162493,0.0005
52,51.517279307047524,54.50394730221671,54.59385000735339,0.0005
53,51.24128214518229,54.43009304752257,54.52193928139392,0.0005
54,51.366214752197266,54.37589452703837,54.46599906197134,0.0005
55,50.96929677327474,54.33542559579912,54.425987392056754,0.0005
56,51.019524892171226,54.25942971915845,54.349552495758374,0.0005
57,51.49463144938151,54.200539318190295,54.29584118366535,0.0005
58,51.49777348836263,54.14282462773956,54.238934711189884,0.0005
59,50.83094914754232,54.0871503970725,54.18574045190282,0.0005
60,50.843362172444664,54.03100233842986,54.13229378189141,0.0005
61,51.02318827311198,53.97017795733805,54.07649390279249,0.0005
62,50.204046885172524,53.926191496228455,54.03317446233226,0.0005
63,50.50243377685547,53.86785425330736,53.97761191136667,0.0005
64,50.26415252685547,53.799039358478126,53.90766056417329,0.0005
65,50.54140981038412,53.719240679796535,53.8248127766707,0.0005
66,50.696127573649086,53.656116532627806,53.75877368892867,0.0005
67,50.759012858072914,53.60594279074285,53.70406313184538,0.0005
68,49.836920420328774,53.53690494965221,53.63020898705713,0.0005
69,49.8358268737793,53.46490377953089,53.56224713543816,0.0005
70,50.01121266682943,53.40480758272211,53.504610820109846,0.0005
71,50.07959493001302,53.330686391636505,53.43182728908132,0.0005
72,50.24636713663737,53.26300319809492,53.37749555517188,0.0005
73,49.882869720458984,53.18547688859356,53.30182487101418,0.0005
74,49.78284708658854,53.10399183174735,53.21987430984467,0.0005
75,49.63773981730143,53.02521321588041,53.14022115219581,0.0005
76,49.96052169799805,52.948215987752626,53.06804336313626,0.0005
77,49.84121831258138,52.850762582233735,52.97594898580632,0.0005
78,50.10830307006836,52.765239790754954,52.90400970412865,0.0005
79,49.37049865722656,52.70788814831206,52.850951777743106,0.0005
80,49.52103042602539,52.62459101402192,52.77604139532975,0.0005
81,49.32883071899414,52.55047644457092,52.705866913404584,0.0005
82,49.41586176554362,52.482309022675416,52.63943871912472,0.0005
83,49.46956253051758,52.387811289428235,52.552074453051745,0.0005
84,48.86891555786133,52.29988254137776,52.465343209146454,0.0005
85,49.02650578816732,52.20738152545319,52.37756891302733,0.0005
86,48.483140309651695,52.122715400776336,52.29374541261225,0.0005
87,48.531124114990234,52.044139421005305,52.21118980533697,0.0005
88,48.20849736531576,51.98307480310531,52.15035612760372,0.0005
89,48.63968149820963,51.86191356075524,52.0333252740775,0.0005
90,48.18387985229492,51.77472014720981,51.947153885980846,0.0005
91,48.21485900878906,51.70255448065686,51.88000731460234,0.0005
92,48.825677235921226,51.62181369586223,51.79897449343243,0.0005
93,48.3702507019043,51.55171295971412,51.732646141827864,0.0005
94,48.354286193847656,51.434713811591145,51.61606543982219,0.0005
95,48.05950800577799,51.35863612983503,51.544685441650984,0.0005
96,47.90823237101237,51.28436157236628,51.470682145404844,0.0005
97,47.809043884277344,51.18375374116783,51.38048846652318,0.0005
98,47.36743291219076,51.08156032339003,51.289273508477095,0.0005
99,47.75164031982422,50.98650519963044,51.19786734967767,0.0005
100,48.201794942220054,50.89685207911259,51.114803773584136,0.0005
101,47.488816579182945,50.811839999965535,51.04576481964342,0.0005
102,47.52870178222656,50.74231374766744,50.98206957696737,0.0005
103,47.73342259724935,50.655233898397945,50.90418110566159,0.0005
104,47.17955652872721,50.55280916028215,50.80447741378042,0.0005
105,47.62002690633138,50.45280877993611,50.715149162805766,0.0005
106,46.944199879964195,50.349862341703975,50.607308336718546,0.0005
107,47.29123306274414,50.23638384053786,50.495040832792284,0.0005
108,46.8240712483724,50.14160383767806,50.39642677426353,0.0005
109,46.520225524902344,50.037193689717725,50.28104704529967,0.0005
110,46.35817082722982,49.95870251868056,50.20732207547382,0.0005
111,46.53915786743164,49.85588723614693,50.10302269474844,0.0005
112,46.80400594075521,49.73286916709913,49.981829162426074,0.0005
113,46.28566106160482,49.6265032255536,49.874286613989725,0.0005
114,46.260702768961586,49.51565639125018,49.74658429514218,0.0005
115,45.992913564046226,49.42251205371416,49.655042896403394,0.0005
116,46.14851760864258,49.31651344324424,49.56121158032891,0.0005
117,46.03744125366211,49.178963257125965,49.43431132594391,0.0005
118,45.85126622517904,49.03953094063501,49.301125045613865,0.0005
119,45.35031382242838,48.920977278367346,49.18530539195281,0.0005
120,45.17585118611654,48.82594190238803,49.09505573009056,0.0005
121,45.57786560058594,48.71367941199174,49.01630089547275,0.0005
122,45.07449595133463,48.61529100080467,48.920866793667656,0.0005
123,44.78615188598633,48.51344200223512,48.81292863208374,0.0005
124,45.056697845458984,48.44391387238804,48.75482068927982,0.0005
125,44.564168294270836,48.3342418951598,48.6515423572727,0.0005
126,44.82068125406901,48.23386681880766,48.56754446763626,0.0005
127,44.27581914265951,48.10769648736817,48.451733921883566,0.0005
128,44.95560963948568,47.94307469440731,48.2806817942061,0.0005
129,44.709494272867836,47.802267190979066,48.149177790774246,0.0005
130,44.466138203938804,47.64805786267865,48.020563842646034,0.0005
131,44.598218282063804,47.50393604079221,47.89944817105334,0.0005
132,44.10275395711263,47.4018321738674,47.799029365527716,0.0005
133,43.80269114176432,47.284873463924136,47.67534528978506,0.0005
134,43.969015757242836,47.201878831805516,47.581617633425594,0.0005
135,43.61741256713867,47.09074043669184,47.46662223286544,0.0005
136,43.71772384643555,46.965431594193575,47.34178398032497,0.0005
137,43.386679331461586,46.874295510439076,47.23373337205577,0.0005
138,43.35041173299154,46.701546119193225,47.06268077257722,0.0005
139,43.218634287516274,46.595086460179374,46.955684495246324,0.0005
140,43.01722717285156,46.44827292776263,46.83644979901377,0.0005
141,42.71742502848307,46.32156574756526,46.698798899727045,0.0005
142,42.94174575805664,46.217581669622945,46.61188627165752,0.0005
143,43.03385543823242,46.069371856855184,46.48354691957906,0.0005
144,42.20496114095052,45.94329845851762,46.35735326159444,0.0005
145,42.24513371785482,45.843258611027366,46.25081032954184,0.0005
146,42.32013448079427,45.71778115321925,46.11029803395069,0.0005
147,42.04296366373698,45.53401127304909,45.927662352101244,0.0005
148,41.554674784342446,45.45648699752943,45.83994810977879,0.0005
149,41.70245488484701,45.29836626543469,45.67100800527478,0.0005
150,42.10608418782552,45.172393562786745,45.559024807715126,0.0005
151,41.66542180379232,45.079587715057734,45.47453133148636,0.0005
152,41.4142100016276,44.938873736116626,45.34672425663693,0.0005
153,41.17471186319987,44.845269735113945,45.266714119334765,0.0005
154,41.286773681640625,44.71933957615033,45.17838165036086,0.0005
155,40.47137324015299,44.59916723093981,45.07197967007144,0.0005
156,40.9117317199707,44.49165255238131,44.96357867807715,0.0005
157,40.387159983317055,44.32268227265102,44.797804060636494,0.0005
158,39.79704793294271,44.16921432655899,44.64707484289389,0.0005
159,40.525594075520836,44.01399022539878,44.48484332483687,0.0005
160,40.34578069051107,43.789626761525625,44.261269815770774,0.0005
161,40.05920664469401,43.619019275656136,44.106362661000134,0.0005
162,39.95819854736328,43.41416883393856,43.91661604351773,0.0005
163,39.59551874796549,43.265834867843516,43.753251106280345,0.0005
164,39.745869954427086,43.09877794193876,43.61116178665216,0.0005
165,39.0807991027832,43.00811992626446,43.50401315652203,0.0005
166,39.59845860799154,42.892281092643145,43.38911750141215,0.0005
167,39.29706064860026,42.75702852374386,43.25501085096143,0.0005
168,39.16168085734049,42.65214237308133,43.15729879512823,0.0005
169,38.72998555501302,42.51502978800435,43.03221797931611,0.0005
170,38.63262812296549,42.37899954412695,42.94215282242131,0.0005
171,38.68206024169922,42.19711682261849,42.769343396172566,0.0005
172,38.300662994384766,42.09595858361018,42.67541331954384,0.0005
173,38.36444600423177,41.9585358000282,42.552378792383976,0.0005
174,38.106913248697914,41.85472328516526,42.47163011644755,0.0005
175,38.60523478190104,41.716874411795146,42.34406391839005,0.0005
176,38.03581110636393,41.58344978530504,42.2070692457244,0.0005
177,37.942925771077476,41.42110549504163,42.089052090195715,0.0005
178,37.25111770629883,41.328335374778476,41.997739452545765,0.0005
179,37.386339823404946,41.16407470537976,41.8597914125568,0.0005
180,37.37368520100912,40.99532050020988,41.701789239817664,0.0005
181,36.724998474121094,40.82661052914414,41.49645622075326,0.0005
182,37.047993977864586,40.666834126685124,41.33778169811631,0.0005
183,36.38669967651367,40.54624672396327,41.188564356706365,0.0005
184,36.173325856526695,40.406649200415686,41.055208705895815,0.0005
185,36.54587046305338,40.31119644486391,40.98550904288151,0.0005
186,36.03324635823568,40.14635898162096,40.81315508833123,0.0005
187,36.42868169148763,40.03325692657584,40.71321441601865,0.0005
188,35.99503072102865,39.909458790784385,40.582122799407934,0.0005
189,35.92932637532552,39.788564220329675,40.476679117045045,0.0005
190,35.530802408854164,39.68538338518385,40.37441306170292,0.0005
191,35.74041875203451,39.57424263654099,40.28511340835303,0.0005
192,34.66496276855469,39.419623451598916,40.1487958678127,0.0005
193,35.077493031819664,39.263508286460905,40.018610930307304,0.0005
194,34.809906005859375,39.081245574275464,39.859096458668176,0.0005
195,34.72997792561849,38.88919941770404,39.69440631527551,0.0005
196,34.274574279785156,38.72919648441629,39.53688426514756,0.0005
197,34.180372873942055,38.56981755578549,39.36197007554037,0.0005
198,34.22680536905924,38.46715749423734,39.27817318791005,0.0005
199,33.49375851949056,38.32920869323566,39.13515331027586,0.0005
200,33.78569793701172,38.13710124546442,38.909160066266764,0.0005
201,33.90359687805176,37.94946190985994,38.71745748527503,0.0005
202,33.55290095011393,37.78205660929268,38.56707916841173,0.0005
203,33.48129526774088,37.62108341481645,38.38602682140441,0.0005
204,33.34386316935221,37.37228631955994,38.156475601334975,0.0005
205,32.79290580749512,37.21499437946118,38.024852248550495,0.0005
206,32.865988413492836,36.994913597507704,37.84693581604435,0.0005
207,32.56254196166992,36.82717777506207,37.69397575503384,0.0005
208,32.05368169148763,36.63909298751603,37.48630823477345,0.0005
209,32.49741744995117,36.45538534065482,37.30573948713977,0.0005
210,32.78173001607259,36.286222880010506,37.11940453615592,0.0005
211,32.0688845316569,36.07506722827002,36.882510070265134,0.0005
212,31.37889798482259,35.95812798375908,36.79511485057377,0.0005
213,31.742721557617188,35.80443975308203,36.615953793318006,0.0005
214,32.30705451965332,35.72529285574188,36.553094422127224,0.0005
215,31.147565205891926,35.63323826729852,36.487125487191264,0.0005
216,31.122460683186848,35.461156944452156,36.345197370482325,0.0005
217,30.944324493408203,35.29091563372067,36.16396365019971,0.0005
218,31.147867838541668,35.07360478331773,35.98786610432132,0.0005
219,30.2229798634847,34.976734636584055,35.92667114726922,0.0005
220,30.975927988688152,34.85805736151385,35.79630381620297,0.0005
221,30.427478790283203,34.76108913313483,35.72359061090567,0.0005
222,30.021233240763348,34.60114382364606,35.5999429335064,0.0005
223,30.081647237141926,34.465456926382515,35.45684358355119,0.0005
224,29.559799194335938,34.27240581719159,35.2892171059569,0.0005
225,30.122795740763348,34.04143096543642,35.08007378400609,0.0005
226,29.399982452392578,33.903520187880176,34.96829098329063,0.0005
227,29.08691469828288,33.73253771030754,34.80713731683848,0.0005
228,29.398736317952473,33.51151745801453,34.5947085566792,0.0005
229,28.512284596761067,33.23073405766818,34.32423398273133,0.0005
230,28.386369705200195,33.045513858502694,34.156099675417906,0.0005
231,28.129632314046223,32.85265180041179,33.96405882305723,0.0005
232,28.442564010620117,32.68521085914168,33.74943806668608,0.0005
233,28.239842732747395,32.49094751668478,33.56667564240874,0.0005
234,28.26261838277181,32.29239264743885,33.42107720901605,0.0005
235,28.093525568644207,32.13860197483637,33.2415070206142,0.0005
236,28.429937998453777,31.956982473471754,33.072395862046314,0.0005
237,27.353644688924152,31.708909617920114,32.83251362052482,0.0005
238,27.339988072713215,31.53245842789439,32.66105566548642,0.0005
239,27.587029139200848,31.351217132425344,32.50572753782094,0.0005
240,27.139684041341145,31.24294281373949,32.428794342129564,0.0005
241,26.578683853149414,31.13833965099209,32.29603238040402,0.0005
242,26.746946334838867,30.95781325228006,32.145507371748785,0.0005
243,26.233187993367512,30.860657140560974,32.000177714539326,0.0005
244,25.898033142089844,30.653029810635317,31.770721291190075,0.0005
245,26.710894266764324,30.50243335105595,31.599802426605855,0.0005
246,25.833719889322918,30.292540798260237,31.390998222161954,0.0005
247,25.895863215128582,30.210264304173702,31.32983289074648,0.0005
248,24.920780181884766,29.992399727020462,31.06421006007298,0.0005
249,25.25517463684082,29.826799372219867,30.89091223558414,0.0005
250,24.824085871378582,29.628936153568674,30.659681591726006,0.0005
251,24.968530654907227,29.589037813260646,30.59069036083932,0.0005
252,24.70350392659505,29.45045616924319,30.467466493343277,0.0005
253,24.43249257405599,29.19422414237576,30.181429829533986,0.0005
254,24.981714248657227,28.98361973288419,30.032441252759707,0.0005
255,24.201815923055012,28.69525773626956,29.752851441825577,0.0005
256,23.947837829589844,28.4724395099175,29.586195396468273,0.0005
257,24.03770383199056,28.35227003328731,29.508789776676373,0.0005
258,23.582273483276367,28.29079294832844,29.49418102172155,0.0005
259,23.735477447509766,28.164795175798282,29.431808936604945,0.0005
260,23.086053212483723,27.927497006242398,29.27072046738267,0.0005
261,22.942123413085938,27.69927298119562,29.162993511403826,0.0005
262,23.795663833618164,27.68842092917766,29.250203560581948,0.0005
263,22.06899134318034,27.434979455071005,28.963368770878716,0.0005
264,22.874011357625324,27.165350772701977,28.632858331395237,0.0005
265,22.227516810099285,26.987123172707896,28.455501289876224,0.0005
266,22.979446411132812,26.80890141508846,28.30897026785271,0.0005
267,22.11169370015462,26.63533879166239,28.132644072269922,0.0005
268,21.668920516967773,26.319335800407277,27.809211160619054,0.0005
269,21.76868502298991,26.0206682582653,27.509822143009103,0.0005
270,21.90220069885254,25.83460371827246,27.351332308611685,0.0005
271,21.544034957885742,25.604980907344967,27.134975222716434,0.0005
272,21.509876251220703,25.50185522583692,27.0021338520389,0.0005
273,20.98102315266927,25.4134164280768,26.921184018615904,0.0005
274,20.919418334960938,25.247067386888926,26.74399103638139,0.0005
275,20.54778226216634,25.093532704860838,26.576136220073813,0.0005
276,20.630046844482422,25.02156720182958,26.534972659084726,0.0005
277,20.37627410888672,24.769401209383513,26.289611845357264,0.0005
278,20.30919075012207,24.515444643023866,26.02413157801294,0.0005
279,19.840802510579426,24.186523505500876,25.592382197286014,0.0005
280,19.384658177693684,24.00808171422442,25.395184950468128,0.0005
281,19.714651107788086,23.859823011024385,25.269519843103765,0.0005
282,19.28719202677409,23.58345244713418,24.986948685973452,0.0005
283,19.401973724365234,23.349698690707154,24.75964041013237,0.0005
284,18.815710067749023,23.031920807266257,24.42538328518267,0.0005
285,18.763098398844402,22.91071329890914,24.368677544268444,0.0005
286,18.23991330464681,22.909441527785262,24.435318929242953,0.0005
287,18.742324829101562,22.65109841510745,24.210996392159892,0.0005
288,18.714431126912434,22.602626387001184,24.258635899631813,0.0005
289,17.849694569905598,22.431242462615653,24.12524095526153,0.0005
290,18.0880552927653,22.23081652566305,23.969572812033604,0.0005
291,18.345422744750977,22.012396634884443,23.850601344270682,0.0005
292,17.938356399536133,21.725765012180037,23.60182102047113,0.0005
293,17.08061345418294,21.540514130603462,23.472443275074312,0.0005
294,17.812706629435223,21.412268123775124,23.39414916609074,0.0005
295,17.75540288289388,21.33183910842145,23.29790257549091,0.0005
296,16.43230088551839,21.32435378519167,23.222804025820082,0.0005
297,16.913033803304035,21.096411789736052,22.93428038318754,0.0005
298,17.257472038269043,21.07663815563777,22.89102111240476,0.0005
299,16.852296829223633,20.87009461130911,22.62511443944879,0.0005
300,16.902494430541992,20.77086890127405,22.455655121779497,0.0005
301,16.808534622192383,20.521761969838614,22.192624474447467,0.0005
302,15.610204378763834,20.305461946095498,22.00086190485423,0.0005
303,15.71992015838623,20.11570974487011,21.80126703995736,0.0005
304,15.744379997253418,19.773856944704402,21.423302905709527,0.0005
305,16.11831506093343,19.329580053530552,20.90370389473697,0.0005
306,15.735232988993326,19.168321985403526,20.73017721155461,0.0005
307,15.464048067728678,19.00503395448777,20.504119956639283,0.0005
308,14.826032956441244,18.80173931244506,20.232743088031956,0.0005
309,15.511141777038574,18.70473700450032,20.109193496062616,0.0005
310,15.496255874633789,18.53892866971869,19.884470190024654,0.0005
311,15.08244768778483,18.405989722317567,19.681986461087504,0.0005
312,14.553756713867188,18.11657246324736,19.38606687135383,0.0005
313,14.359028498331705,17.762120720113952,18.99807147093056,0.0005
314,14.369091033935547,17.571605111117737,18.851069039757594,0.0005
315,14.041592280069986,17.503225061223983,18.84571651514162,0.0005
316,13.931804656982422,17.488735116585765,18.894478112070406,0.0005
317,14.23104731241862,17.423737281456372,18.89647573587328,0.0005
318,13.379148801167807,17.502383368220382,19.100821655992906,0.0005
319,13.56396484375,17.41922886350162,19.12253599799593,0.0005
320,13.42048708597819,17.43579804343221,19.187456634344933,0.0005
321,13.074602444966635,17.17056471581252,18.926217854927458,0.0005
322,13.46882406870524,16.839233086798203,18.520243756253375,0.0005
323,13.238975207010904,16.63066952286744,18.28885478293627,0.0005
324,12.993494669596354,16.350066790404483,17.97965515326787,0.0005
325,12.635313351949057,16.253063446948016,17.929263574277048,0.0005
326,12.196808815002441,16.12033888678511,17.81812287062276,0.0005
327,12.791964530944824,15.994770102685187,17.787150597864592,0.0005
328,12.433054288228353,15.773522905435975,17.67469415077128,0.0005
329,12.48671785990397,15.627179990071925,17.623852474636244,0.0005
330,12.062196731567383,15.512198921757031,17.60188525355726,0.0005
331,12.155769983927408,15.172020269015967,17.28555107526245,0.0005
332,12.237257639567057,14.843441280399812,16.849986664279708,0.0005
333,11.870050748189291,14.662748169178624,16.601127201465033,0.0005
334,12.546696027119955,14.660915990764462,16.66041741044842,0.0005
335,11.935272852579752,14.577488326012142,16.549011348174137,0.0005
336,11.696288426717123,14.399969055565494,16.289000042501456,0.0005
337,11.150935808817545,14.118036478664193,15.836055424507043,0.0005
338,11.824495633443197,14.105092612596112,15.893526455214385,0.0005
339,10.5263303120931,13.965015446405117,15.75250365961355,0.0005
340,11.83795197804769,13.599876993151366,15.411475942740912,0.0005
341,10.941632588704428,13.437671109800709,15.372794545343895,0.0005
342,10.891691525777182,13.316486242304812,15.293947625719412,0.0005
343,10.725539525349935,13.178763988174175,15.278183686852072,0.0005
344,10.07028325398763,12.947111754293152,15.06379773092559,0.0005
345,10.296319007873535,12.710397356173583,14.7937764567575,0.0005
346,10.432109196980795,12.468643936334066,14.483599937151448,0.0005
347,10.32728099822998,12.374684083910312,14.315122137896232,0.0005
348,9.749476114908854,12.389590381095358,14.305485855423559,0.0005
349,9.951975186665853,12.417853733651233,14.42060454791277,0.0005
350,10.066176096598307,12.638337111497796,14.80048500338648,0.0005
351,9.732927958170572,12.460050014047592,14.691788010932758,0.0005
352,9.512354850769043,12.391606580243105,14.708319215435322,0.0005
353,9.678110440572103,12.323528204553952,14.660495568099673,0.0005
354,10.375232696533203,11.933483046724957,14.158474717325712,0.0005
355,9.241056760152182,11.70043918641754,13.926775982371554,0.0005
356,9.350640614827475,11.540836958139899,13.705757675299072,0.0005
357,9.847710927327475,11.427431546222467,13.557320421300004,0.0005
358,9.518030484517416,11.182898798412513,13.194135625554726,0.0005
359,9.792894045511881,11.076577776539514,13.172320751581085,0.0005
360,8.760141054789225,10.98897794510782,13.082233150903141,0.0005
361,9.399502754211426,10.995551910162419,13.114448740409497,0.0005
362,9.242315610249838,10.905224394842865,13.001131495037821,0.0005
363,9.10383129119873,10.866318108440108,13.015139501309939,0.0005
364,8.713460286458334,10.942482141426101,13.194424370187397,0.0005
365,9.051941076914469,10.627020099153334,12.78695711534433,0.0005
366,8.162516911824545,10.220096685047942,12.293106522132831,0.0005
367,8.281936009724935,9.771809128778672,11.662478779813046,0.0005
368,8.876107533772787,9.79054696668445,11.637273869534388,0.0005
369,9.131717681884766,9.656812587457054,11.538579207649681,0.0005
370,9.057810147603353,9.602388067814946,11.600663563132821,0.0005
371,8.240272521972656,9.531224146003721,11.552228864575389,0.0005
372,8.335506757100424,9.3368399522676,11.353119554109877,0.0005
373,8.032153129577637,9.183603920066425,11.265355382974068,0.0005
374,8.987849871317545,9.129550952920491,11.336833627794972,0.0005
375,8.789578755696615,9.096264286047388,11.331472868703344,0.0005
376,8.283328215281168,8.959044011559175,11.166984712749498,0.0005
377,7.918666362762451,8.895936844398262,11.030393916134399,0.0005
378,8.70201841990153,8.809551222965121,11.003867757425317,0.0005
379,7.924948533376058,8.747307378269783,10.91239622932805,0.0005
380,8.31575838724772,8.805202919538225,10.940785287028602,0.0005
381,7.789326190948486,8.81318647625877,10.968921830981147,0.0005
382,8.17328135172526,8.711513409390259,10.840761619229514,0.0005
383,7.869139671325684,8.652394295040917,10.893681665583609,0.0005
384,7.986335436503093,8.52474594653463,10.868261577987463,0.0005
385,7.742115179697673,8.445917414488184,10.927489413671255,0.0005
386,8.009938557942709,8.454507941316951,10.951983274702165,0.0005
387,7.411668459574382,8.26861854646209,10.740285629695645,0.0005
388,7.021581967671712,8.184808927825015,10.646657125080461,0.0005
389,7.921627521514893,7.962003336819867,10.431036377864524,0.0005
390,8.25895643234253,7.943856367982446,10.518584576894577,0.0005
391,7.53097407023112,8.040326362616193,10.593110475499348,0.0005
392,7.379282474517822,8.00933308629237,10.555594500983242,0.0005
393,7.281994024912517,8.035136361848151,10.706610323014404,0.0005
394,7.938361485799153,7.894181092646477,10.655936281012513,0.0005
395,7.658479690551758,7.814351619475811,10.6189940236532,0.0005
396,7.687250296274821,7.668996290601856,10.462994289901177,0.0005
397,7.581414858500163,7.542742476749669,10.344621104841135,0.0005
398,7.163758118947347,7.449525661545885,10.253882322733743,0.0005
399,7.594046433766683,7.500957328378327,10.32169509187886,0.0005
400,7.433710257212321,7.392812450234983,10.191454819172828,0.0005
401,7.39906660715739,7.294903883231989,10.123452139733304,0.0005
402,7.423073132832845,7.235568594484981,10.062202890631752,0.0005
403,7.700346151987712,7.270915083919238,10.044571804586486,0.0005
404,7.114446957906087,7.222232327187089,9.983097420514898,0.0005
405,7.58518648147583,7.219959957551867,9.989653328923058,0.0005
406,7.010654290517171,7.235108075856088,10.05650148497833,0.0005
407,7.18628470102946,7.24890068036666,10.12854091976514,0.0005
408,7.299004554748535,7.159113435458527,10.034878187473439,0.0005
409,7.326943874359131,7.1795958012635515,10.025833797046706,0.0005
410,7.42375389734904,7.119553077392454,9.958017951657236,0.0005
411,7.217668374379476,6.902194854942072,9.815652138507456,0.0005
412,7.863621711730957,6.849419321843537,9.774649560893442,0.0005
413,7.25051228205363,6.82457308401423,9.79891338419596,0.0005
414,7.595050017038981,6.699958021846397,9.73254663342799,0.0005
415,6.993978500366211,6.576592867091928,9.53930693708056,0.0005
416,7.409295241038005,6.553230651818818,9.447124629647346,0.0005
417,7.4913129806518555,6.647787959154107,9.479602189214393,0.0005
418,7.569210211435954,6.713793552208084,9.532583807561476,0.0005
419,7.435043652852376,6.543732632397123,9.425298890514176,0.0005
420,7.488171736399333,6.585447725574958,9.576276705353873,0.0005
421,6.938792705535889,6.658886598214813,9.725858381549328,0.0005
422,6.714917500813802,6.603330857061985,9.62888901127271,0.0005
423,6.835416316986084,6.489268009618412,9.468565751768857,0.0005
424,7.236845016479492,6.4808943117475755,9.426809741749954,0.0005
425,7.021434307098389,6.465006996497874,9.37624135800846,0.0005
426,7.419360955556233,6.498978192709397,9.421771183788815,0.0005
427,7.763384819030762,6.349065733892729,9.277924412306504,0.0005
428,7.115146954854329,6.264924403277131,9.196170859461862,0.0005
429,7.413007577260335,6.22949596868065,9.090870162258541,0.0005
430,7.048516432444255,6.175300118636143,9.025241036019013,0.0005
431,7.524054368336995,6.134321513728054,9.015241936205442,0.0005
432,6.566086610158284,6.124052573576582,9.082029658032033,0.0005
433,6.787617365519206,6.165024382702718,9.144938168424256,0.0005
434,7.441187222798665,6.110006774803848,9.0576238828211,0.0005
435,7.737115383148193,6.143632731133167,9.109561057707266,0.0005
436,6.91749890645345,6.11302761327386,9.102166514622807,0.0005
437,6.515411853790283,6.067874662906993,9.078949285143208,0.0005
438,6.882608095804851,6.113779292637381,9.172153259939503,0.0005
439,7.120383898417155,6.084745558138614,9.186332597596222,0.0005
440,6.541424751281738,6.085656405524918,9.266139909293074,0.0005
441,6.440937836964925,6.067508500702947,9.349465556612445,0.0005
442,6.571840127309163,5.951548962427811,9.270584355884106,0.0005
443,6.972886721293132,5.864476823607585,9.165196073715933,0.0005
444,7.232801596323649,5.726772387217446,9.012533914994195,0.0005
445,6.586060365041097,5.721535580236626,9.032187934148746,0.0005
446,7.149571895599365,5.745699616194871,9.03678849448523,0.0005
447,7.211477279663086,5.804229876137546,9.142701820929204,0.0005
448,7.1573076248168945,5.772152865078136,9.135284372928144,0.0005
449,6.873357931772868,5.865631393952325,9.263384605850089,0.0005
450,7.133880615234375,5.831583350302786,9.280395716599168,0.0005
451,6.855578581492106,5.837497332043985,9.313767893163837,0.0005
452,6.615590890248616,5.85252770625358,9.32967135139265,0.0005
453,6.662594795227051,5.799785448332472,9.318404007956032,0.0005
454,6.87635866800944,5.724210765364618,9.201312569416608,0.0005
455,6.668351491292317,5.687488792681778,9.118926198144884,0.0005
456,7.5674417813618975,5.668129774016345,9.067951118163705,0.0005
457,6.769996007283528,5.7043758851494735,9.062870639701586,0.0005
458,6.395091533660889,5.682624573587063,9.081548957974968,0.0005
459,6.443649609883626,5.604994103091475,9.01109760971066,0.0005
460,7.8366630872090655,5.563083244543013,8.999812030676326,0.0005
461,7.446483929951985,5.545057852231773,8.906476955359267,0.0005
462,7.21599276860555,5.448876393240682,8.808861010531405,0.0005
463,6.867560863494873,5.523093471105154,8.879290054393817,0.0005
464,6.995727062225342,5.48043649177552,8.856201931101829,0.0005
465,7.009299278259277,5.6415948961231415,8.95975702619984,0.0005
466,6.937822500864665,5.59260803508061,8.945650493442281,0.0005
467,6.867195288340251,5.491317839198084,8.928645117181958,0.0005
468,6.724079132080078,5.5174385460386155,8.949225964537312,0.0005
469,7.423747380574544,5.5819067801151645,9.011653442402354,0.0005
470,6.778994242350261,5.636132102230003,9.147157450261876,0.0005
471,7.046736558278401,5.611881343987391,9.236580277381172,0.0005
472,6.497841676076253,5.667284648703993,9.293143333001707,0.0005
473,7.1533857981363935,5.606483351590818,9.271151718216947,0.0005
474,6.977042357126872,5.50841838732274,9.17244170619536,0.0005
475,6.760624885559082,5.45480454751893,9.102883093463776,0.0005
476,7.41523281733195,5.513346192849251,9.01783415729023,0.0005
477,6.5457078615824384,5.575459075953163,8.9879804919173,0.0005
478,6.723744869232178,5.533831780341185,8.923383558289133,0.0005
479,7.094303131103516,5.46312422301437,8.875271141946675,0.0005
480,7.274734020233154,5.4362523830173926,8.879621012445513,0.0005
481,7.021515528361003,5.431409475195082,8.878794608615722,0.0005
482,6.91962464650472,5.4780033106046915,8.905395331508059,0.0005
483,6.8285454114278155,5.400301955217199,8.826566265469392,0.0005
484,7.1758354504903155,5.314378444541615,8.755509389793113,0.00025
485,6.596904913584392,5.361744180256425,8.802245236875395,0.00025
486,6.887113094329834,5.2898813609982165,8.755411266267881,0.00025
487,7.1295059521993,5.298967813192926,8.778048920573875,0.00025
488,6.986679395039876,5.253868084266259,8.736571169544295,0.00025
489,6.4905266761779785,5.189195424332898,8.760090888414249,0.00025
490,6.850167751312256,5.164036613363647,8.775614099826413,0.00025
491,6.7267764409383135,5.0904973593323515,8.735728759420764,0.00025
492,6.72861893971761,5.103120447870868,8.735176112381025,0.00025
493,6.719695568084717,5.052365537044851,8.721802947116927,0.00025
494,6.3271307945251465,5.097894567527283,8.787790399768559,0.00025
495,6.860774040222168,5.1275619737359035,8.816346582947931,0.00025
496,6.8400044441223145,5.1028550729330515,8.838855263979497,0.00025
497,6.655258019765218,5.093965892205692,8.833122598311736,0.00025
498,6.1072038014729815,5.091583011037198,8.832253935462278,0.00025
499,6.4972991943359375,5.036617387079154,8.76795232640538,0.00025
500,6.82220983505249,5.076369022583925,8.760200435843506,0.00025
501,6.422951380411784,5.0341975553520975,8.736269207660671,0.00025
502,7.1090545654296875,4.9644942773075105,8.727063328012774,0.00025
503,6.91144339243571,4.963157638763732,8.743867827879134,0.00025
504,6.8290449778238935,4.95426129934343,8.776711673879689,0.00025
505,6.075070063273112,4.929597326191747,8.77168308875112,0.00025
506,6.778370380401611,4.959675962631617,8.81448575248967,0.00025
507,6.924081961313884,4.976983490774901,8.811904581234046,0.00025
508,6.500471274058024,4.999015242493075,8.836344920739679,0.00025
509,6.199941317240397,4.952363697489734,8.821606788460405,0.00025
510,6.947012742360433,4.912965035476948,8.778890771201839,0.00025
511,6.824289004007976,4.9208873615883455,8.811729618220333,0.00025
512,6.733880360921224,4.883724489547001,8.801289244429165,0.00025
513,6.6632734934488935,4.833339473463952,8.78835199155619,0.00025
514,6.4226915041605634,4.864130179634043,8.852653411873037,0.00025
515,6.73670228322347,4.895294466464336,8.887240485242312,0.000125
516,6.048333644866943,4.885603336612248,8.848748650938314,0.000125
517,6.805903434753418,4.914213740417628,8.847229322599814,0.000125
518,6.246766726175944,4.950394113915966,8.890124553395454,0.000125
519,6.745592912038167,4.980950955304392,8.896080403428002,0.000125
520,7.0310821533203125,4.992316833712695,8.86780160434126,0.000125
521,6.375678062438965,4.947904297474496,8.822921066342214,0.000125
522,6.655929088592529,5.00688330938688,8.869035721597635,0.000125
523,6.720067501068115,4.984327878569883,8.804156195570773,0.000125
524,6.912003517150879,5.029618683280582,8.795999437142314,0.000125
525,6.756277720133464,4.925749443724019,8.751853248078369,0.000125
526,6.082972049713135,4.937159777054102,8.775662538838626,0.000125
527,5.899875640869141,4.9109183536311445,8.742810876071388,0.000125
528,6.742342472076416,5.017051904081881,8.759157184137448,0.000125
529,6.63198200861613,4.984154112599465,8.75203297171438,0.000125
530,6.2868350346883135,4.902536403085475,8.727394322839386,0.000125
531,7.159426689147949,4.928654459288076,8.778618345627297,0.000125
532,6.585280418395996,4.832804273399997,8.805239008799884,0.000125
533,7.018283843994141,4.833609454207495,8.761064180980203,0.000125
534,6.3821109135945635,4.790581969628402,8.728439275556674,0.000125
535,6.601014137268066,4.761214963171508,8.724874461827833,0.000125
536,6.7361369132995605,4.80748320998768,8.778030068777246,6.25e-05
537,6.401149749755859,4.786691135282773,8.769618140617714,6.25e-05
538,6.333974520365397,4.776147243069431,8.757548262677044,6.25e-05
539,7.115161259969075,4.754292202101697,8.78065201479908,6.25e-05
540,6.731319427490234,4.84286649230572,8.845447840988795,6.25e-05
541,6.3503750165303545,4.776660113840117,8.76796200731367,6.25e-05
542,6.466268539428711,4.704566368840325,8.731437094558636,6.25e-05
543,7.394594828287761,4.7824866155761505,8.802189279502732,6.25e-05
544,6.923695246378581,4.715158131221567,8.724945136026443,6.25e-05
545,6.760573546091716,4.757734567444655,8.691523376163055,6.25e-05
546,6.644879341125488,4.749892119150803,8.688431361754532,6.25e-05
547,6.810161749521892,4.737637034730361,8.72347206310458,6.25e-05
548,6.959068934122722,4.766033866126684,8.731340420521574,6.25e-05
549,6.843931516011556,4.76747779319147,8.74266707395489,6.25e-05
550,6.437429428100586,4.756470252859092,8.687597739646879,6.25e-05
551,6.12435245513916,4.742862418878288,8.709505058142149,6.25e-05
552,6.628190517425537,4.752463981106664,8.72785057228891,6.25e-05
553,6.181318600972493,4.808709222790664,8.738944110447369,6.25e-05
554,6.338960488637288,4.790440313353361,8.71429959106201,6.25e-05
555,5.894439538319905,4.772652740131441,8.679587894231158,6.25e-05
556,6.6576128005981445,4.732268019537006,8.677344170183016,6.25e-05
557,6.938839117685954,4.777049239498782,8.715975837220011,6.25e-05
558,6.335924466451009,4.800988589166145,8.744713078448559,6.25e-05
559,6.459077835083008,4.839849489403031,8.74016373261574,6.25e-05
560,5.801617940266927,4.802910821158252,8.736834835451335,6.25e-05
561,6.204267183939616,4.8241725148344905,8.742590071839867,6.25e-05
562,6.537979284922282,4.859891507257232,8.750633707844857,6.25e-05
563,6.665969371795654,4.823671448868523,8.704908877589554,6.25e-05
564,6.663854916890462,4.823650963035986,8.7140310926442,6.25e-05
565,6.991563002268474,4.8773341313423915,8.71471077767162,6.25e-05
566,7.066700299580892,4.812794435831063,8.659670617811308,6.25e-05
567,6.677364667256673,4.875654528939279,8.676820504056927,6.25e-05
568,6.66948397954305,4.838367587705268,8.661968244387735,6.25e-05
569,6.504334608713786,4.83972232692653,8.662941513422757,6.25e-05
570,6.656149864196777,4.784899578111831,8.630540416127646,6.25e-05
571,6.6002516746521,4.813051066838247,8.677027777678951,6.25e-05
572,6.299126307169597,4.771625032932312,8.688809410298395,6.25e-05
573,6.496411482493083,4.75865125124883,8.676195639572784,6.25e-05
574,6.025719006856282,4.771410218917118,8.68081837375652,6.25e-05
575,7.3195234934488935,4.7190829792986255,8.651161570205245,6.25e-05
576,6.330606619517009,4.702985006630612,8.622230346079721,6.25e-05
577,6.574334621429443,4.6942378766058654,8.632864582663215,6.25e-05
578,6.5484442710876465,4.6975063870572935,8.684239394350849,6.25e-05
579,7.097610155741374,4.718331032552501,8.652845385233078,6.25e-05
580,6.485198179880778,4.690125263729722,8.619038345401721,6.25e-05
581,7.068097750345866,4.747386693758495,8.672103060330153,6.25e-05
582,6.596678892771403,4.704602996019092,8.655363561566581,6.25e-05
583,6.1584122975667315,4.69323350110807,8.651248620965205,6.25e-05
584,6.890506108601888,4.68223345957748,8.645957723998766,6.25e-05
585,6.146310965220134,4.702690287562093,8.626479584493811,6.25e-05
586,6.026838620503743,4.678668508333549,8.675358339339075,6.25e-05
587,6.753519535064697,4.719656896339833,8.725977443124556,6.25e-05
588,7.241185029347737,4.757876204935409,8.768647691721329,6.25e-05
589,6.625852266947429,4.847404059699814,8.816582556687248,6.25e-05
590,6.578629334767659,4.7930405154368385,8.790116570117641,6.25e-05
591,6.307878335316976,4.736783439231538,8.729563096447645,6.25e-05
592,6.62631352742513,4.734827101273296,8.783366482199316,6.25e-05
593,6.797811985015869,4.771219475243264,8.846442966560494,6.25e-05
594,6.810411771138509,4.710416694965819,8.819146612854995,6.25e-05
595,6.112629413604736,4.747006604254392,8.843691294708176,6.25e-05
596,6.9209872881571455,4.730691247094826,8.821290515100012,6.25e-05
597,6.149289131164551,4.788353352642904,8.893459527562532,6.25e-05
598,6.464520454406738,4.7647007001517725,8.804082791020202,6.25e-05
599,6.844931284586589,4.799444911305114,8.828360517760483,6.25e-05
600,6.97666072845459,4.77347196062114,8.82038712322469,6.25e-05
601,6.3728569348653155,4.764625449025318,8.778110598390839,6.25e-05
602,7.2806289990743,4.753067704541634,8.780010073453477,3.125e-05
603,6.603957653045654,4.858567999463086,8.837807600191324,3.125e-05
604,6.518444697062175,4.768801117178985,8.751019446763161,3.125e-05
605,6.617366313934326,4.712182345572559,8.71009208814274,3.125e-05
606,6.348494052886963,4.688564572388359,8.696578847680021,3.125e-05
607,6.554320494333903,4.654135062940286,8.724242358551583,3.125e-05
608,6.301227728525798,4.652694841627054,8.696317888812189,3.125e-05
609,6.788469155629476,4.714502481787822,8.706661487449598,3.125e-05
610,6.503100236256917,4.737053252999846,8.687689456898047,3.125e-05
611,6.390181382497151,4.699480767754534,8.700226783052893,3.125e-05
612,6.170324325561523,4.736569895949857,8.69258656260332,3.125e-05
613,5.95047394434611,4.690476045987434,8.69543425794803,3.125e-05
614,6.582801183064778,4.6495990943181535,8.715418548802614,3.125e-05
615,6.318878332773845,4.644630620702721,8.688756033799804,3.125e-05
616,6.768131732940674,4.602666445468518,8.692086173336355,3.125e-05
617,6.0861891110738116,4.5923180862434325,8.73455930776712,3.125e-05
618,6.566593488057454,4.583192102108031,8.721828053796663,3.125e-05
619,6.131072521209717,4.6209194880027145,8.755216573617547,3.125e-05
620,6.703768889109294,4.672286669698484,8.78417289847566,3.125e-05
621,6.676902612050374,4.651280312456475,8.789729883716989,3.125e-05
622,5.940179824829102,4.661898925461395,8.772712826415388,3.125e-05
623,6.117074966430664,4.636907936904977,8.760168834829118,1.5625e-05
624,6.1567691167195635,4.665682314983254,8.725749306159774,1.5625e-05
625,6.397876262664795,4.6702709548004995,8.740707197726792,1.5625e-05
626,6.684571743011475,4.727400170541261,8.774064697090513,1.5625e-05
627,6.7852505048116045,4.74930735887965,8.795032931867562,1.5625e-05
628,6.536915461222331,4.7265312730967555,8.778255135244306,1.5625e-05
629,6.778412659962972,4.71117151293242,8.761139376826089,1.5625e-05
630,6.363576889038086,4.7052515684108585,8.749579255885216,1.5625e-05
631,6.401834170023601,4.765113648458189,8.804766936213909,1.5625e-05
632,6.417732874552409,4.765276082898178,8.780499898036974,1.5625e-05
633,6.516718864440918,4.706186283704334,8.74274506972825,1.5625e-05
634,7.108139991760254,4.656960191752329,8.747413925904116,1.5625e-05
635,5.878481864929199,4.713088919500219,8.785922939093366,1.5625e-05
636,7.518489360809326,4.727275842254027,8.800491263337717,1.5625e-05
637,6.9539368947347,4.712366706232297,8.787026979483132,1.5625e-05
638,6.768011093139648,4.659088394550089,8.754531192334367,1.5625e-05
639,6.799557367960612,4.6821802950697125,8.794422767607667,1.5625e-05
640,6.668829282124837,4.740244458562524,8.793376812507931,1.5625e-05
641,6.998836040496826,4.72032531105586,8.768646764255893,1.5625e-05
642,6.21454922358195,4.743341868869208,8.773251965557083,1.5625e-05
643,5.770386536916097,4.693487127134974,8.756529347479177,1.5625e-05
644,6.8589779535929365,4.636332348788915,8.737258205231711,1e-05
645,6.691867351531982,4.634729079613492,8.784056168940074,1e-05
646,6.378773212432861,4.573866020807739,8.746969403751104,1e-05
647,6.252035617828369,4.570564249396572,8.719321732722255,1e-05
648,6.359642346700032,4.6006784537585395,8.724386846544798,1e-05
649,7.249344984690349,4.626617014142351,8.723492658823629,1e-05
650,6.466777801513672,4.629915996165478,8.745649870322328,1e-05
